lganame,statename,Actual_Status,Predicted_Risk,Risk_Prob,Tier
Yenegoa,Bayelsa,0,1,0.8865261944799792,Tier 1: Critical (Immediate Action)
Eti Osa,Lagos,0,1,0.8182900543939178,Tier 1: Critical (Immediate Action)
Eti Osa,Lagos,0,1,0.8182900543939178,Tier 1: Critical (Immediate Action)
Talata Mafara,Zamfara,0,1,0.8175167790252094,Tier 1: Critical (Immediate Action)
Nembe,Bayelsa,0,1,0.7352860117578391,Tier 1: Critical (Immediate Action)
Degema,Rivers,0,1,0.7293868582078123,Tier 1: Critical (Immediate Action)
Kogi,Kogi,0,1,0.7229772958115059,Tier 1: Critical (Immediate Action)
Akuku Toru,Rivers,0,1,0.7153089784644099,Tier 1: Critical (Immediate Action)
Bauchi,Bauchi,0,1,0.7130212803353628,Tier 1: Critical (Immediate Action)
Bauchi,Bauchi,0,1,0.7130212803353628,Tier 1: Critical (Immediate Action)
Igabi,Kaduna,0,1,0.7117665704294965,Tier 1: Critical (Immediate Action)
Warri North,Delta,0,1,0.7034422939164285,Tier 1: Critical (Immediate Action)
Warri North,Delta,0,1,0.7034422939164285,Tier 1: Critical (Immediate Action)
Karu,Nasarawa,0,1,0.6991884917621597,Tier 1: Critical (Immediate Action)
Akko,Gombe,0,1,0.6963709793526057,Tier 1: Critical (Immediate Action)
Kumbotso,Kano,0,1,0.6959508795717564,Tier 1: Critical (Immediate Action)
Bukkuyum,Zamfara,0,1,0.6951458271153385,Tier 1: Critical (Immediate Action)
Bukkuyum,Zamfara,0,1,0.6951458271153385,Tier 1: Critical (Immediate Action)
Mokwa,Niger,0,1,0.6942093828927669,Tier 1: Critical (Immediate Action)
Burutu,Delta,0,1,0.6897358048016454,Tier 1: Critical (Immediate Action)
Pategi,Kwara,0,1,0.6827443230106506,Tier 1: Critical (Immediate Action)
Pategi,Kwara,0,1,0.6827443230106506,Tier 1: Critical (Immediate Action)
Pategi,Kwara,0,1,0.6827443230106506,Tier 1: Critical (Immediate Action)
Ekeremor,Bayelsa,0,1,0.6787162470332287,Tier 1: Critical (Immediate Action)
Dikwa,Borno,0,1,0.6782415459271125,Tier 1: Critical (Immediate Action)
Dikwa,Borno,0,1,0.6782415459271125,Tier 1: Critical (Immediate Action)
Ibi,Taraba,0,1,0.6754010806994322,Tier 1: Critical (Immediate Action)
Municipal Area Council,Fct,0,1,0.6720588281598724,Tier 1: Critical (Immediate Action)
Lapai,Niger,0,1,0.6712184930390892,Tier 1: Critical (Immediate Action)
Numan,Adamawa,0,1,0.6683155657513375,Tier 1: Critical (Immediate Action)
Numan,Adamawa,0,1,0.6683155657513375,Tier 1: Critical (Immediate Action)
Yunusari,Yobe,0,1,0.6657440495270448,Tier 1: Critical (Immediate Action)
Yunusari,Yobe,0,1,0.6657440495270448,Tier 1: Critical (Immediate Action)
Katsina,Katsina,0,1,0.6591627213149678,Tier 1: Critical (Immediate Action)
Katsina,Katsina,0,1,0.6591627213149678,Tier 1: Critical (Immediate Action)
Qua'An Pan,Plateau,0,1,0.6547159389030804,Tier 1: Critical (Immediate Action)
Qua'An Pan,Plateau,0,1,0.6547159389030804,Tier 1: Critical (Immediate Action)
Qua'An Pan,Plateau,0,1,0.6547159389030804,Tier 1: Critical (Immediate Action)
Anambra West,Anambra,0,1,0.6497741066222938,Tier 1: Critical (Immediate Action)
Ajaokuta,Kogi,0,1,0.6489594626719177,Tier 1: Critical (Immediate Action)
Katsina-Ala,Benue,0,1,0.6482089052558984,Tier 1: Critical (Immediate Action)
Ilaje,Ondo,0,1,0.6442340665605394,Tier 1: Critical (Immediate Action)
Ndokwa East,Delta,0,1,0.6401546693276672,Tier 1: Critical (Immediate Action)
Ndokwa East,Delta,0,1,0.6401546693276672,Tier 1: Critical (Immediate Action)
Lafia,Nasarawa,0,1,0.6382004337416958,Tier 1: Critical (Immediate Action)
Shanga,Kebbi,0,1,0.6301644871388189,Tier 1: Critical (Immediate Action)
Shanga,Kebbi,0,1,0.6301644871388189,Tier 1: Critical (Immediate Action)
Shanga,Kebbi,0,1,0.6301644871388189,Tier 1: Critical (Immediate Action)
Shanga,Kebbi,0,1,0.6301644871388189,Tier 1: Critical (Immediate Action)
Odukpani,Cross River,0,1,0.6259415776948695,Tier 1: Critical (Immediate Action)
Odukpani,Cross River,0,1,0.6259415776948695,Tier 1: Critical (Immediate Action)
Akamkpa,Cross River,0,1,0.6207480223770517,Tier 1: Critical (Immediate Action)
Jere,Borno,0,1,0.6203736067864078,Tier 1: Critical (Immediate Action)
Lokoja,Kogi,0,1,0.6190452692733767,Tier 1: Critical (Immediate Action)
Kaita,Katsina,0,1,0.6176030474814318,Tier 1: Critical (Immediate Action)
Nganzai,Borno,0,1,0.6161804454470762,Tier 1: Critical (Immediate Action)
Nganzai,Borno,0,1,0.6161804454470762,Tier 1: Critical (Immediate Action)
Omala,Kogi,0,1,0.6135109359712638,Tier 1: Critical (Immediate Action)
Omala,Kogi,0,1,0.6135109359712638,Tier 1: Critical (Immediate Action)
Dutse,Jigawa,0,1,0.6134835734169009,Tier 1: Critical (Immediate Action)
Yola South,Adamawa,0,1,0.6134487381807924,Tier 1: Critical (Immediate Action)
Yola South,Adamawa,0,1,0.6134487381807924,Tier 1: Critical (Immediate Action)
Konduga,Borno,0,1,0.6122997274864211,Tier 1: Critical (Immediate Action)
Konduga,Borno,0,1,0.6122997274864211,Tier 1: Critical (Immediate Action)
Bakura,Zamfara,0,1,0.6069947995423549,Tier 1: Critical (Immediate Action)
Katcha,Niger,0,1,0.6052643699598864,Tier 1: Critical (Immediate Action)
Katcha,Niger,0,1,0.6052643699598864,Tier 1: Critical (Immediate Action)
Ayamelum,Anambra,0,1,0.598736623263542,Tier 1: Critical (Immediate Action)
Lamurde,Adamawa,0,1,0.5971918628773634,Tier 1: Critical (Immediate Action)
Lagelu,Oyo,0,1,0.5949016527563828,Tier 1: Critical (Immediate Action)
Dandi,Kebbi,0,1,0.5944361065781562,Tier 1: Critical (Immediate Action)
Dandi,Kebbi,0,1,0.5944361065781562,Tier 1: Critical (Immediate Action)
Bokkos,Plateau,0,1,0.5928101833878575,Tier 1: Critical (Immediate Action)
Yabo,Sokoto,0,1,0.5872421951826492,Tier 1: Critical (Immediate Action)
Kosofe,Lagos,0,1,0.586228598619022,Tier 1: Critical (Immediate Action)
Gassol,Taraba,0,1,0.5852488576015004,Tier 1: Critical (Immediate Action)
Makurdi,Benue,0,1,0.5787771269989409,Tier 1: Critical (Immediate Action)
Obubra,Cross River,0,1,0.575739460687695,Tier 1: Critical (Immediate Action)
Obubra,Cross River,0,1,0.575739460687695,Tier 1: Critical (Immediate Action)
Sanga,Kaduna,0,1,0.5689989795315812,Tier 1: Critical (Immediate Action)
Sanga,Kaduna,0,1,0.5689989795315812,Tier 1: Critical (Immediate Action)
Oluyole,Oyo,0,1,0.5642737636009693,Tier 1: Critical (Immediate Action)
Magama,Niger,0,1,0.5588669254137496,Tier 1: Critical (Immediate Action)
Potiskum,Yobe,0,1,0.556455952336035,Tier 1: Critical (Immediate Action)
Potiskum,Yobe,0,1,0.556455952336035,Tier 1: Critical (Immediate Action)
Zaria,Kaduna,0,1,0.551457958015162,Tier 1: Critical (Immediate Action)
Akure South,Ondo,0,1,0.550732639651268,Tier 1: Critical (Immediate Action)
Anka,Zamfara,0,1,0.5471846386045545,Tier 1: Critical (Immediate Action)
Rabah,Sokoto,0,1,0.545893331113676,Tier 1: Critical (Immediate Action)
Gbako,Niger,0,1,0.5430353613780923,Tier 1: Critical (Immediate Action)
Maiha,Adamawa,0,1,0.5426785541740271,Tier 1: Critical (Immediate Action)
Munya,Niger,0,1,0.5419121258261037,Tier 1: Critical (Immediate Action)
Wushishi,Niger,0,1,0.5406971417965509,Tier 1: Critical (Immediate Action)
Gwoza,Borno,0,1,0.5369831507122057,Tier 1: Critical (Immediate Action)
Gwoza,Borno,0,1,0.5369831507122057,Tier 1: Critical (Immediate Action)
Agaie,Niger,0,1,0.536521200610888,Tier 1: Critical (Immediate Action)
Kajuru,Kaduna,0,1,0.5352738372741164,Tier 1: Critical (Immediate Action)
Guri,Jigawa,0,1,0.526236349417259,Tier 1: Critical (Immediate Action)
Guri,Jigawa,0,1,0.526236349417259,Tier 1: Critical (Immediate Action)
Ido,Oyo,0,1,0.5252952798737462,Tier 1: Critical (Immediate Action)
Ido,Oyo,0,1,0.5252952798737462,Tier 1: Critical (Immediate Action)
Ese Odo,Ondo,0,1,0.520371970015148,Tier 1: Critical (Immediate Action)
Shendam,Plateau,0,1,0.5157453961791895,Tier 1: Critical (Immediate Action)
Chibok,Borno,0,1,0.5145614190965021,Tier 1: Critical (Immediate Action)
Chibok,Borno,0,1,0.5145614190965021,Tier 1: Critical (Immediate Action)
Chibok,Borno,0,1,0.5145614190965021,Tier 1: Critical (Immediate Action)
Demsa,Adamawa,0,1,0.5120946012698703,Tier 1: Critical (Immediate Action)
Abi,Cross River,0,1,0.5110276000971825,Tier 1: Critical (Immediate Action)
Abi,Cross River,0,1,0.5110276000971825,Tier 1: Critical (Immediate Action)
Yorro,Taraba,0,1,0.5090237495931188,Tier 1: Critical (Immediate Action)
Yorro,Taraba,0,1,0.5090237495931188,Tier 1: Critical (Immediate Action)
Ogbaru,Anambra,0,1,0.5081687981174056,Tier 1: Critical (Immediate Action)
Ogbaru,Anambra,0,1,0.5081687981174056,Tier 1: Critical (Immediate Action)
Ibeju Lekki,Lagos,0,1,0.504270522323922,Tier 1: Critical (Immediate Action)
Ibeju Lekki,Lagos,0,1,0.504270522323922,Tier 1: Critical (Immediate Action)
Ibeju Lekki,Lagos,0,1,0.504270522323922,Tier 1: Critical (Immediate Action)
Borgu,Niger,0,1,0.4972514935024781,Tier 2: High (Priority Monitoring)
Birnin Magaji-Kiyaw,Zamfara,0,1,0.4972455167348632,Tier 2: High (Priority Monitoring)
Dawakin Kudu,Kano,0,1,0.49717467684162536,Tier 2: High (Priority Monitoring)
Patani,Delta,0,1,0.49653020235591006,Tier 2: High (Priority Monitoring)
Alkaleri,Bauchi,0,1,0.49564692195071464,Tier 2: High (Priority Monitoring)
Guma,Benue,0,1,0.4954814279090111,Tier 2: High (Priority Monitoring)
Owan West,Edo,0,1,0.4953041384302291,Tier 2: High (Priority Monitoring)
Sule Tankarkar,Jigawa,0,1,0.49457084437138266,Tier 2: High (Priority Monitoring)
Ogu Bolo,Rivers,0,1,0.49392709560414416,Tier 2: High (Priority Monitoring)
Ikpoba-Okha,Edo,0,1,0.4938356256271351,Tier 2: High (Priority Monitoring)
Edu,Kwara,0,1,0.4893844406189938,Tier 2: High (Priority Monitoring)
Doma,Nasarawa,0,1,0.4889898612979357,Tier 2: High (Priority Monitoring)
Ardo-Kola,Taraba,0,1,0.48893177702693275,Tier 2: High (Priority Monitoring)
Ardo-Kola,Taraba,0,1,0.48893177702693275,Tier 2: High (Priority Monitoring)
Ardo-Kola,Taraba,0,1,0.48893177702693275,Tier 2: High (Priority Monitoring)
Silame,Sokoto,0,1,0.4882638118608122,Tier 2: High (Priority Monitoring)
Silame,Sokoto,0,1,0.4882638118608122,Tier 2: High (Priority Monitoring)
Silame,Sokoto,0,1,0.4882638118608122,Tier 2: High (Priority Monitoring)
Egbeda,Oyo,0,1,0.4844572294805555,Tier 2: High (Priority Monitoring)
Egbeda,Oyo,0,1,0.4844572294805555,Tier 2: High (Priority Monitoring)
Agwara,Niger,0,1,0.4833296284018636,Tier 2: High (Priority Monitoring)
Agwara,Niger,0,1,0.4833296284018636,Tier 2: High (Priority Monitoring)
Agwara,Niger,0,1,0.4833296284018636,Tier 2: High (Priority Monitoring)
Doguwa,Kano,0,1,0.4831860933786405,Tier 2: High (Priority Monitoring)
Doguwa,Kano,0,1,0.4831860933786405,Tier 2: High (Priority Monitoring)
Doguwa,Kano,0,1,0.4831860933786405,Tier 2: High (Priority Monitoring)
Orhionmwon,Edo,0,1,0.47991840249828494,Tier 2: High (Priority Monitoring)
Kolokuma/Opokuma,Bayelsa,0,1,0.4790971785629988,Tier 2: High (Priority Monitoring)
Lau,Taraba,0,1,0.4783638392588207,Tier 2: High (Priority Monitoring)
Nassarawa,Kano,0,1,0.47653697314888616,Tier 2: High (Priority Monitoring)
Nassarawa,Kano,0,1,0.47653697314888616,Tier 2: High (Priority Monitoring)
Nassarawa,Kano,0,1,0.47653697314888616,Tier 2: High (Priority Monitoring)
Shiroro,Niger,0,1,0.4755920296626192,Tier 2: High (Priority Monitoring)
Kankara,Katsina,0,1,0.4716146448481748,Tier 2: High (Priority Monitoring)
Mushin,Lagos,0,1,0.47150901643483856,Tier 2: High (Priority Monitoring)
Mushin,Lagos,0,1,0.47150901643483856,Tier 2: High (Priority Monitoring)
Mushin,Lagos,0,1,0.47150901643483856,Tier 2: High (Priority Monitoring)
Ogbomosho North,Oyo,0,1,0.4699685724791622,Tier 2: High (Priority Monitoring)
Esan South-East,Edo,0,1,0.4699187152885365,Tier 2: High (Priority Monitoring)
Ogba/Egbema/Ndoni,Rivers,0,1,0.4686000279175342,Tier 2: High (Priority Monitoring)
Ogba/Egbema/Ndoni,Rivers,0,1,0.4686000279175342,Tier 2: High (Priority Monitoring)
Ovia North-East,Edo,0,1,0.4685714058787906,Tier 2: High (Priority Monitoring)
Akpabuyo,Cross River,0,1,0.4678688481537663,Tier 2: High (Priority Monitoring)
Birnin Gwari,Kaduna,0,1,0.4643545102651959,Tier 2: High (Priority Monitoring)
Birnin Gwari,Kaduna,0,1,0.4643545102651959,Tier 2: High (Priority Monitoring)
Birnin Gwari,Kaduna,0,1,0.4643545102651959,Tier 2: High (Priority Monitoring)
Roni,Jigawa,0,1,0.4641926171170461,Tier 2: High (Priority Monitoring)
Tai,Rivers,0,1,0.4640756696165294,Tier 2: High (Priority Monitoring)
Bakassi,Cross River,0,1,0.4634900125850805,Tier 2: High (Priority Monitoring)
Iseyin,Oyo,0,1,0.4633537784866472,Tier 2: High (Priority Monitoring)
Iseyin,Oyo,0,1,0.4633537784866472,Tier 2: High (Priority Monitoring)
Iseyin,Oyo,0,1,0.4633537784866472,Tier 2: High (Priority Monitoring)
Wamba,Nasarawa,0,1,0.46331749034341,Tier 2: High (Priority Monitoring)
Askira Uba,Borno,0,1,0.46327950191444667,Tier 2: High (Priority Monitoring)
Maru,Zamfara,0,1,0.4616018753908827,Tier 2: High (Priority Monitoring)
Maru,Zamfara,0,1,0.4616018753908827,Tier 2: High (Priority Monitoring)
Ikot Abasi,Akwa Ibom,0,1,0.4603982441809222,Tier 2: High (Priority Monitoring)
Okitipupa,Ondo,0,1,0.45721814024837676,Tier 2: High (Priority Monitoring)
Oyo West,Oyo,0,1,0.4570649977084242,Tier 2: High (Priority Monitoring)
Ibeno,Akwa Ibom,0,1,0.4534385683510561,Tier 2: High (Priority Monitoring)
Zuru,Kebbi,0,1,0.4523740141040717,Tier 2: High (Priority Monitoring)
Shira,Bauchi,0,1,0.4500487259542765,Tier 2: High (Priority Monitoring)
Isoko South,Delta,0,1,0.44974749783687296,Tier 2: High (Priority Monitoring)
Afijio,Oyo,0,1,0.4478879514728443,Tier 2: High (Priority Monitoring)
Apapa,Lagos,0,1,0.44615442364199526,Tier 2: High (Priority Monitoring)
Gada,Sokoto,0,1,0.4456806658126884,Tier 2: High (Priority Monitoring)
Marte,Borno,0,1,0.44563469214801776,Tier 2: High (Priority Monitoring)
Hawul,Borno,0,1,0.44503592246474727,Tier 2: High (Priority Monitoring)
Ila,Osun,0,1,0.4442929326285396,Tier 2: High (Priority Monitoring)
Yauri,Kebbi,0,1,0.4441392376340474,Tier 2: High (Priority Monitoring)
Abadam,Borno,0,1,0.4436514060349439,Tier 2: High (Priority Monitoring)
Akwanga,Nasarawa,0,1,0.44297943429436026,Tier 2: High (Priority Monitoring)
Akwanga,Nasarawa,0,1,0.44297943429436026,Tier 2: High (Priority Monitoring)
Akwanga,Nasarawa,0,1,0.44297943429436026,Tier 2: High (Priority Monitoring)
Yamaltu/Deba,Gombe,0,1,0.4424239007864015,Tier 2: High (Priority Monitoring)
Yamaltu/Deba,Gombe,0,1,0.4424239007864015,Tier 2: High (Priority Monitoring)
Kaugama,Jigawa,0,1,0.4422417468474762,Tier 2: High (Priority Monitoring)
Kaugama,Jigawa,0,1,0.4422417468474762,Tier 2: High (Priority Monitoring)
Mbo,Akwa Ibom,0,1,0.44172038735426866,Tier 2: High (Priority Monitoring)
Mbo,Akwa Ibom,0,1,0.44172038735426866,Tier 2: High (Priority Monitoring)
Girei,Adamawa,0,1,0.4401940047000085,Tier 2: High (Priority Monitoring)
Girei,Adamawa,0,1,0.4401940047000085,Tier 2: High (Priority Monitoring)
Bagudu,Kebbi,0,1,0.4401239457536636,Tier 2: High (Priority Monitoring)
Jos North,Plateau,0,1,0.44010020490743074,Tier 2: High (Priority Monitoring)
Jos North,Plateau,0,1,0.44010020490743074,Tier 2: High (Priority Monitoring)
Kubau,Kaduna,0,1,0.4393358166297749,Tier 2: High (Priority Monitoring)
Faskari,Katsina,0,1,0.43767097200244137,Tier 2: High (Priority Monitoring)
Kala Balge,Borno,0,1,0.4376193389741377,Tier 2: High (Priority Monitoring)
Kala Balge,Borno,0,1,0.4376193389741377,Tier 2: High (Priority Monitoring)
Kala Balge,Borno,0,1,0.4376193389741377,Tier 2: High (Priority Monitoring)
Wase,Plateau,0,1,0.43508815837580683,Tier 2: High (Priority Monitoring)
Yala,Cross River,0,1,0.4347760607795154,Tier 2: High (Priority Monitoring)
Michika,Adamawa,0,1,0.4344257497739825,Tier 2: High (Priority Monitoring)
Michika,Adamawa,0,1,0.4344257497739825,Tier 2: High (Priority Monitoring)
Maiyama,Kebbi,0,1,0.4334514897427425,Tier 2: High (Priority Monitoring)
Toungo,Adamawa,0,1,0.43240066092151225,Tier 2: High (Priority Monitoring)
Ohaji/Egbema,Imo,0,1,0.4321360081030884,Tier 2: High (Priority Monitoring)
Ogo Oluwa,Oyo,0,1,0.430197995407172,Tier 2: High (Priority Monitoring)
Obafemi Owode,Ogun,0,1,0.4293941632782108,Tier 2: High (Priority Monitoring)
Gombi,Adamawa,0,1,0.4291406497144054,Tier 2: High (Priority Monitoring)
Wasagu-Danko,Kebbi,0,1,0.4290756143482487,Tier 2: High (Priority Monitoring)
Bursari,Yobe,0,1,0.4287880035389275,Tier 2: High (Priority Monitoring)
Kukawa,Borno,0,1,0.4286026534024369,Tier 2: High (Priority Monitoring)
Kukawa,Borno,0,1,0.4286026534024369,Tier 2: High (Priority Monitoring)
Kukawa,Borno,0,1,0.4286026534024369,Tier 2: High (Priority Monitoring)
Kukawa,Borno,0,1,0.4286026534024369,Tier 2: High (Priority Monitoring)
Dange Shuni,Sokoto,0,1,0.42664001572751487,Tier 2: High (Priority Monitoring)
Shomgom,Gombe,0,1,0.42448773049021077,Tier 2: High (Priority Monitoring)
Shomgom,Gombe,0,1,0.42448773049021077,Tier 2: High (Priority Monitoring)
Ungogo,Kano,0,1,0.4235098646332353,Tier 2: High (Priority Monitoring)
Shani,Borno,0,1,0.42283548097821144,Tier 2: High (Priority Monitoring)
Sabuwa,Katsina,0,1,0.4227703169346708,Tier 2: High (Priority Monitoring)
Aniocha South,Delta,0,1,0.42095251979314274,Tier 2: High (Priority Monitoring)
Aniocha South,Delta,0,1,0.42095251979314274,Tier 2: High (Priority Monitoring)
Oyo East,Oyo,0,1,0.41829951298677065,Tier 2: High (Priority Monitoring)
Oyo East,Oyo,0,1,0.41829951298677065,Tier 2: High (Priority Monitoring)
Oyo East,Oyo,0,1,0.41829951298677065,Tier 2: High (Priority Monitoring)
Suleja,Niger,0,1,0.4164524415183616,Tier 2: High (Priority Monitoring)
Suleja,Niger,0,1,0.4164524415183616,Tier 2: High (Priority Monitoring)
Mangu,Plateau,0,1,0.4160849013444336,Tier 2: High (Priority Monitoring)
Mariga,Niger,0,1,0.41423619756279456,Tier 2: High (Priority Monitoring)
Nasarawa Egon,Nasarawa,0,1,0.411668016036775,Tier 2: High (Priority Monitoring)
Warri South,Delta,0,1,0.4109099732664754,Tier 2: High (Priority Monitoring)
Soba,Kaduna,0,1,0.4107900985840348,Tier 2: High (Priority Monitoring)
Lagos Island,Lagos,0,1,0.40886119980462865,Tier 2: High (Priority Monitoring)
Shagari,Sokoto,0,1,0.4086839401304843,Tier 2: High (Priority Monitoring)
Ingawa,Katsina,0,1,0.40867438850752114,Tier 2: High (Priority Monitoring)
Bonny,Rivers,0,1,0.4080390478229969,Tier 2: High (Priority Monitoring)
Shelleng,Adamawa,0,1,0.4052958631294632,Tier 2: High (Priority Monitoring)
Shelleng,Adamawa,0,1,0.4052958631294632,Tier 2: High (Priority Monitoring)
Pankshin,Plateau,0,1,0.3998533356769313,Tier 2: High (Priority Monitoring)
Irepodun,Kwara,0,1,0.39727940602723244,Tier 2: High (Priority Monitoring)
Irepodun,Kwara,0,1,0.39727940602723244,Tier 2: High (Priority Monitoring)
Ndokwa West,Delta,0,1,0.3954147141031132,Tier 2: High (Priority Monitoring)
Ndokwa West,Delta,0,1,0.3954147141031132,Tier 2: High (Priority Monitoring)
Bichi,Kano,0,1,0.39312248151386703,Tier 2: High (Priority Monitoring)
Bichi,Kano,0,1,0.39312248151386703,Tier 2: High (Priority Monitoring)
Oru East,Imo,0,1,0.39162079544055944,Tier 2: High (Priority Monitoring)
Barkin Ladi,Plateau,0,1,0.3905954319618567,Tier 2: High (Priority Monitoring)
Eastern Obolo,Akwa Ibom,0,1,0.39049239615955045,Tier 2: High (Priority Monitoring)
Kaura Namoda,Zamfara,0,1,0.3900990979638165,Tier 2: High (Priority Monitoring)
Kirfi,Bauchi,0,1,0.38960744743756487,Tier 2: High (Priority Monitoring)
Tangaza,Sokoto,0,1,0.38947530995188395,Tier 2: High (Priority Monitoring)
Tangaza,Sokoto,0,1,0.38947530995188395,Tier 2: High (Priority Monitoring)
Rafi,Niger,0,1,0.3880186184167523,Tier 2: High (Priority Monitoring)
Kusada,Katsina,0,1,0.38712931354168917,Tier 2: High (Priority Monitoring)
Ibadan North East,Oyo,0,1,0.38711650871403014,Tier 2: High (Priority Monitoring)
Damboa,Borno,0,1,0.3855698894364162,Tier 2: High (Priority Monitoring)
Gashaka,Taraba,0,1,0.3834726481004724,Tier 2: High (Priority Monitoring)
Obio/Akpor,Rivers,0,1,0.3833994156701708,Tier 2: High (Priority Monitoring)
Rijau,Niger,0,1,0.3830076772242895,Tier 2: High (Priority Monitoring)
Obot Akara,Akwa Ibom,0,1,0.38231144511360937,Tier 2: High (Priority Monitoring)
Kunchi,Kano,0,1,0.38170660552343444,Tier 2: High (Priority Monitoring)
Madagali,Adamawa,0,1,0.37843117100262136,Tier 2: High (Priority Monitoring)
Mubi South,Adamawa,0,1,0.3774793340131916,Tier 2: High (Priority Monitoring)
Mubi South,Adamawa,0,1,0.3774793340131916,Tier 2: High (Priority Monitoring)
Kiri Kasama,Jigawa,0,1,0.3772769535303449,Tier 2: High (Priority Monitoring)
Kiri Kasama,Jigawa,0,1,0.3772769535303449,Tier 2: High (Priority Monitoring)
Yagba West,Kogi,0,1,0.3767934300825687,Tier 2: High (Priority Monitoring)
Yagba West,Kogi,0,1,0.3767934300825687,Tier 2: High (Priority Monitoring)
Yagba West,Kogi,0,1,0.3767934300825687,Tier 2: High (Priority Monitoring)
Ikwo,Ebonyi,0,1,0.3745775419580688,Tier 2: High (Priority Monitoring)
Argungu,Kebbi,0,1,0.3719152856516525,Tier 2: High (Priority Monitoring)
Argungu,Kebbi,0,1,0.3719152856516525,Tier 2: High (Priority Monitoring)
Ishielu,Ebonyi,0,1,0.37014955239988245,Tier 2: High (Priority Monitoring)
Bwari,Fct,0,1,0.36797648838550884,Tier 2: High (Priority Monitoring)
Gboko,Benue,0,1,0.36777129697157884,Tier 2: High (Priority Monitoring)
Ifedore,Ondo,0,1,0.3677522110126858,Tier 2: High (Priority Monitoring)
Ifedore,Ondo,0,1,0.3677522110126858,Tier 2: High (Priority Monitoring)
Shagamu,Ogun,0,1,0.3674132142808702,Tier 2: High (Priority Monitoring)
Shagamu,Ogun,0,1,0.3674132142808702,Tier 2: High (Priority Monitoring)
Buji,Jigawa,0,1,0.3674023169874735,Tier 2: High (Priority Monitoring)
Enugu North,Enugu,0,1,0.36712897101221953,Tier 2: High (Priority Monitoring)
Enugu North,Enugu,0,1,0.36712897101221953,Tier 2: High (Priority Monitoring)
Ajeromi/Ifelodun,Lagos,0,1,0.36396471007820963,Tier 2: High (Priority Monitoring)
Zaki,Bauchi,0,1,0.3614053806231695,Tier 2: High (Priority Monitoring)
Oyi,Anambra,0,1,0.36139883518951466,Tier 2: High (Priority Monitoring)
Kwaya Kusar,Borno,0,1,0.3607786290341264,Tier 2: High (Priority Monitoring)
Kwaya Kusar,Borno,0,1,0.3607786290341264,Tier 2: High (Priority Monitoring)
Sardauna,Taraba,0,1,0.36034814858700964,Tier 2: High (Priority Monitoring)
Kudan,Kaduna,0,1,0.35855801780734653,Tier 2: High (Priority Monitoring)
Kudan,Kaduna,0,1,0.35855801780734653,Tier 2: High (Priority Monitoring)
Moro,Kwara,0,1,0.357035272628387,Tier 2: High (Priority Monitoring)
Adavi,Kogi,0,1,0.3555610207411536,Tier 2: High (Priority Monitoring)
Adavi,Kogi,0,1,0.3555610207411536,Tier 2: High (Priority Monitoring)
Isiala Mbano,Imo,0,1,0.35508483700008964,Tier 2: High (Priority Monitoring)
Sumaila,Kano,0,1,0.35488215452103566,Tier 2: High (Priority Monitoring)
Shanono,Kano,0,1,0.35082784724345245,Tier 2: High (Priority Monitoring)
Izzi,Ebonyi,0,1,0.34822070513519937,Tier 3: Moderate (Surveillance)
Taura,Jigawa,0,1,0.347460846788462,Tier 3: Moderate (Surveillance)
Okehi,Kogi,0,1,0.3473353258913957,Tier 3: Moderate (Surveillance)
Ibadan North,Oyo,0,1,0.3455649693083495,Tier 3: Moderate (Surveillance)
Kabo,Kano,0,1,0.345538156727245,Tier 3: Moderate (Surveillance)
Kabo,Kano,0,1,0.345538156727245,Tier 3: Moderate (Surveillance)
Balanga,Gombe,0,1,0.3445584067018017,Tier 3: Moderate (Surveillance)
Balanga,Gombe,0,1,0.3445584067018017,Tier 3: Moderate (Surveillance)
Kauru,Kaduna,0,1,0.34423868407964675,Tier 3: Moderate (Surveillance)
Wamakko,Sokoto,0,1,0.34351666160397065,Tier 3: Moderate (Surveillance)
Irepodun,Osun,0,1,0.34163252454643633,Tier 3: Moderate (Surveillance)
Okpe,Delta,0,1,0.3410657630824043,Tier 3: Moderate (Surveillance)
Okpe,Delta,0,1,0.3410657630824043,Tier 3: Moderate (Surveillance)
Ganye,Adamawa,0,1,0.3379495219443839,Tier 3: Moderate (Surveillance)
Ganye,Adamawa,0,1,0.3379495219443839,Tier 3: Moderate (Surveillance)
Bunkure,Kano,0,1,0.33588208675706954,Tier 3: Moderate (Surveillance)
Ekiti,Kwara,0,1,0.33374879974731436,Tier 3: Moderate (Surveillance)
Oguta,Imo,0,1,0.33328002492108005,Tier 3: Moderate (Surveillance)
Oguta,Imo,0,1,0.33328002492108005,Tier 3: Moderate (Surveillance)
Tarka,Benue,0,1,0.33169348454749115,Tier 3: Moderate (Surveillance)
Takai,Kano,0,1,0.33062493277703164,Tier 3: Moderate (Surveillance)
Takai,Kano,0,1,0.33062493277703164,Tier 3: Moderate (Surveillance)
Takai,Kano,0,1,0.33062493277703164,Tier 3: Moderate (Surveillance)
Jega,Kebbi,0,1,0.33042297773201795,Tier 3: Moderate (Surveillance)
Ijebu North,Ogun,0,1,0.33006242378914896,Tier 3: Moderate (Surveillance)
Ibadan North West,Oyo,0,1,0.32764319799335034,Tier 3: Moderate (Surveillance)
Ife North,Osun,0,1,0.326898678841303,Tier 3: Moderate (Surveillance)
Ukwa West,Abia,0,1,0.3265970079136129,Tier 3: Moderate (Surveillance)
Tsanyawa,Kano,0,1,0.3249003695987806,Tier 3: Moderate (Surveillance)
Rano,Kano,0,1,0.3248411978190311,Tier 3: Moderate (Surveillance)
Rano,Kano,0,1,0.3248411978190311,Tier 3: Moderate (Surveillance)
Ikwerre,Rivers,0,1,0.32415908005491806,Tier 3: Moderate (Surveillance)
Etsako East,Edo,0,1,0.3196657317577902,Tier 3: Moderate (Surveillance)
Oke Ero,Kwara,0,1,0.3166304393262313,Tier 3: Moderate (Surveillance)
Makarfi,Kaduna,0,1,0.3164546960835436,Tier 3: Moderate (Surveillance)
Dawakin Tofa,Kano,0,1,0.31585933074548406,Tier 3: Moderate (Surveillance)
Ihiala,Anambra,0,1,0.31517890157451633,Tier 3: Moderate (Surveillance)
Ihiala,Anambra,0,1,0.31517890157451633,Tier 3: Moderate (Surveillance)
Etsako West,Edo,0,1,0.3140247268336024,Tier 3: Moderate (Surveillance)
Odeda,Ogun,0,1,0.3129477141591072,Tier 3: Moderate (Surveillance)
Odeda,Ogun,0,1,0.3129477141591072,Tier 3: Moderate (Surveillance)
Sokoto South,Sokoto,0,1,0.3113831299857106,Tier 3: Moderate (Surveillance)
Igbo-Etiti,Enugu,0,1,0.31122704938549844,Tier 3: Moderate (Surveillance)
Igbo-Etiti,Enugu,0,1,0.31122704938549844,Tier 3: Moderate (Surveillance)
Akinyele,Oyo,0,1,0.30909905915769814,Tier 3: Moderate (Surveillance)
Akinyele,Oyo,0,1,0.30909905915769814,Tier 3: Moderate (Surveillance)
Ayedade,Osun,0,1,0.30892499051234884,Tier 3: Moderate (Surveillance)
Lere,Kaduna,0,1,0.3085649833248462,Tier 3: Moderate (Surveillance)
Abakaliki,Ebonyi,0,1,0.3084078377450936,Tier 3: Moderate (Surveillance)
Ahoada East,Rivers,0,1,0.308312318889954,Tier 3: Moderate (Surveillance)
Eleme,Rivers,0,1,0.3073709734434405,Tier 3: Moderate (Surveillance)
Ipokia,Ogun,0,1,0.305927402353343,Tier 3: Moderate (Surveillance)
Bida,Niger,0,1,0.3017649316680751,Tier 3: Moderate (Surveillance)
Ika South,Delta,0,1,0.30066018562833113,Tier 3: Moderate (Surveillance)
Batagarawa,Katsina,0,1,0.30017513440574656,Tier 3: Moderate (Surveillance)
Asari-Toru,Rivers,0,1,0.2987326744720117,Tier 3: Moderate (Surveillance)
Sapele,Delta,0,1,0.2958627531713671,Tier 3: Moderate (Surveillance)
Ibadan South West,Oyo,0,1,0.295552378298533,Tier 3: Moderate (Surveillance)
Ibadan South West,Oyo,0,1,0.295552378298533,Tier 3: Moderate (Surveillance)
Dutsi,Katsina,0,1,0.29521346608987187,Tier 3: Moderate (Surveillance)
Gokana,Rivers,0,1,0.29408717614237445,Tier 3: Moderate (Surveillance)
Ife Central,Osun,0,1,0.2929927420840979,Tier 3: Moderate (Surveillance)
Ife Central,Osun,0,1,0.2929927420840979,Tier 3: Moderate (Surveillance)
Ilorin East,Kwara,0,1,0.2926735026821092,Tier 3: Moderate (Surveillance)
Ifo,Ogun,0,1,0.29012015825419746,Tier 3: Moderate (Surveillance)
Ifo,Ogun,0,1,0.29012015825419746,Tier 3: Moderate (Surveillance)
Ogbomosho South,Oyo,0,1,0.2882595103000271,Tier 3: Moderate (Surveillance)
Ogbomosho South,Oyo,0,1,0.2882595103000271,Tier 3: Moderate (Surveillance)
Owerri Municipal,Imo,0,1,0.2881531931120681,Tier 3: Moderate (Surveillance)
Alimosho,Lagos,0,1,0.2878039230596385,Tier 3: Moderate (Surveillance)
Alimosho,Lagos,0,1,0.2878039230596385,Tier 3: Moderate (Surveillance)
Ona Ara,Oyo,0,1,0.286999812817381,Tier 3: Moderate (Surveillance)
Ona Ara,Oyo,0,1,0.286999812817381,Tier 3: Moderate (Surveillance)
Ona Ara,Oyo,0,1,0.286999812817381,Tier 3: Moderate (Surveillance)
Rogo,Kano,0,1,0.28689144428943586,Tier 3: Moderate (Surveillance)
Mashi,Katsina,0,1,0.28665227355004436,Tier 3: Moderate (Surveillance)
Ukwuani,Delta,0,1,0.2850875718109949,Tier 3: Moderate (Surveillance)
Ibaji,Kogi,0,1,0.28227018988978064,Tier 3: Moderate (Surveillance)
Ibaji,Kogi,0,1,0.28227018988978064,Tier 3: Moderate (Surveillance)
Enugu East,Enugu,0,1,0.2795614590628339,Tier 3: Moderate (Surveillance)
Babura,Jigawa,0,1,0.27888230217431004,Tier 3: Moderate (Surveillance)
Kura,Kano,0,1,0.2781246583740288,Tier 3: Moderate (Surveillance)
Kura,Kano,0,1,0.2781246583740288,Tier 3: Moderate (Surveillance)
Irele,Ondo,0,1,0.2759915917605391,Tier 3: Moderate (Surveillance)
Ajingi,Kano,0,1,0.2755009618674436,Tier 3: Moderate (Surveillance)
Misau,Bauchi,0,1,0.2735659314175431,Tier 3: Moderate (Surveillance)
Misau,Bauchi,0,1,0.2735659314175431,Tier 3: Moderate (Surveillance)
Kaltungo,Gombe,0,1,0.2732764072931837,Tier 3: Moderate (Surveillance)
Jakusko,Yobe,0,1,0.2725060428089208,Tier 3: Moderate (Surveillance)
Jakusko,Yobe,0,1,0.2725060428089208,Tier 3: Moderate (Surveillance)
Kanam,Plateau,0,1,0.2695189602596875,Tier 3: Moderate (Surveillance)
Bomadi,Delta,0,1,0.2647284040492226,Tier 3: Moderate (Surveillance)
Bomadi,Delta,0,1,0.2647284040492226,Tier 3: Moderate (Surveillance)
Gwale,Kano,0,1,0.264045578636046,Tier 3: Moderate (Surveillance)
Gwale,Kano,0,1,0.264045578636046,Tier 3: Moderate (Surveillance)
Orsu,Imo,0,1,0.26258390302118534,Tier 3: Moderate (Surveillance)
Orsu,Imo,0,1,0.26258390302118534,Tier 3: Moderate (Surveillance)
Itu,Akwa Ibom,0,1,0.2621268737248767,Tier 3: Moderate (Surveillance)
Itu,Akwa Ibom,0,1,0.2621268737248767,Tier 3: Moderate (Surveillance)
Itu,Akwa Ibom,0,1,0.2621268737248767,Tier 3: Moderate (Surveillance)
Garun Malam,Kano,0,1,0.2596973744296439,Tier 3: Moderate (Surveillance)
Dukku,Gombe,0,1,0.25860658971685746,Tier 3: Moderate (Surveillance)
Gombe,Gombe,0,1,0.2583918118064447,Tier 3: Moderate (Surveillance)
Kiyawa,Jigawa,0,1,0.2575059645592352,Tier 3: Moderate (Surveillance)
Nnewi South,Anambra,0,1,0.25181573297351806,Tier 3: Moderate (Surveillance)
Badagry,Lagos,0,1,0.2517201244566627,Tier 3: Moderate (Surveillance)
Badagry,Lagos,0,1,0.2517201244566627,Tier 3: Moderate (Surveillance)
Badagry,Lagos,0,1,0.2517201244566627,Tier 3: Moderate (Surveillance)
Badagry,Lagos,0,1,0.2517201244566627,Tier 3: Moderate (Surveillance)
Ankpa,Kogi,0,1,0.2497015940362907,Tier 3: Moderate (Surveillance)
Ikwuano,Abia,0,1,0.2486169562965577,Tier 3: Moderate (Surveillance)
Kagarko,Kaduna,0,1,0.24844114036227527,Tier 3: Moderate (Surveillance)
Ovia South-West,Edo,0,1,0.24830995664427705,Tier 3: Moderate (Surveillance)
Ovia South-West,Edo,0,1,0.24830995664427705,Tier 3: Moderate (Surveillance)
Mani,Katsina,0,1,0.2474444795486521,Tier 3: Moderate (Surveillance)
Yewa North,Ogun,0,1,0.24413260399357634,Tier 3: Moderate (Surveillance)
Ukum,Benue,0,1,0.24330089562591783,Tier 3: Moderate (Surveillance)
Ukum,Benue,0,1,0.24330089562591783,Tier 3: Moderate (Surveillance)
Oru West,Imo,0,1,0.2411486443245461,Tier 3: Moderate (Surveillance)
Oru West,Imo,0,1,0.2411486443245461,Tier 3: Moderate (Surveillance)
Iwajowa,Oyo,0,1,0.24033710335733766,Tier 3: Moderate (Surveillance)
Awka South,Anambra,0,1,0.23837164705009173,Tier 3: Moderate (Surveillance)
Awka South,Anambra,0,1,0.23837164705009173,Tier 3: Moderate (Surveillance)
Port-Harcourt,Rivers,0,1,0.23800870649815267,Tier 3: Moderate (Surveillance)
Khana,Rivers,0,1,0.2368783498292194,Tier 3: Moderate (Surveillance)
Egor,Edo,0,1,0.2368395272547037,Tier 3: Moderate (Surveillance)
Egor,Edo,0,1,0.2368395272547037,Tier 3: Moderate (Surveillance)
Oron,Akwa Ibom,0,1,0.23633859861641468,Tier 3: Moderate (Surveillance)
Isu,Imo,0,1,0.23479857814376812,Tier 3: Moderate (Surveillance)
Isu,Imo,0,1,0.23479857814376812,Tier 3: Moderate (Surveillance)
Chanchaga,Niger,0,1,0.2336719477830417,Tier 3: Moderate (Surveillance)
Yusufari,Yobe,0,1,0.23310845336088157,Tier 3: Moderate (Surveillance)
Yusufari,Yobe,0,1,0.23310845336088157,Tier 3: Moderate (Surveillance)
Anaocha,Anambra,0,1,0.23122303535204466,Tier 3: Moderate (Surveillance)
Anaocha,Anambra,0,1,0.23122303535204466,Tier 3: Moderate (Surveillance)
Dekina,Kogi,0,1,0.23116095416311555,Tier 3: Moderate (Surveillance)
Dekina,Kogi,0,1,0.23116095416311555,Tier 3: Moderate (Surveillance)
Dekina,Kogi,0,1,0.23116095416311555,Tier 3: Moderate (Surveillance)
Dekina,Kogi,0,1,0.23116095416311555,Tier 3: Moderate (Surveillance)
Osisioma Ngwa,Abia,0,1,0.23054686173859235,Tier 3: Moderate (Surveillance)
Sandamu,Katsina,0,1,0.23047542414489683,Tier 3: Moderate (Surveillance)
Katagum,Bauchi,0,1,0.22948093425071955,Tier 3: Moderate (Surveillance)
Orlu,Imo,0,1,0.22747431182751435,Tier 3: Moderate (Surveillance)
Orlu,Imo,0,1,0.22747431182751435,Tier 3: Moderate (Surveillance)
Orlu,Imo,0,1,0.22747431182751435,Tier 3: Moderate (Surveillance)
Keffi,Nasarawa,0,1,0.22431034618797072,Tier 3: Moderate (Surveillance)
Keffi,Nasarawa,0,1,0.22431034618797072,Tier 3: Moderate (Surveillance)
Albasu,Kano,0,1,0.221887866850574,Tier 3: Moderate (Surveillance)
Kuje,Fct,0,1,0.22170989410700673,Tier 3: Moderate (Surveillance)
Kuje,Fct,0,1,0.22170989410700673,Tier 3: Moderate (Surveillance)
Ile Oluji/Okeigbo,Ondo,0,1,0.22049277805126927,Tier 3: Moderate (Surveillance)
Ile Oluji/Okeigbo,Ondo,0,1,0.22049277805126927,Tier 3: Moderate (Surveillance)
Ile Oluji/Okeigbo,Ondo,0,1,0.22049277805126927,Tier 3: Moderate (Surveillance)
Madobi,Kano,0,1,0.22012810244602843,Tier 3: Moderate (Surveillance)
Surulere,Oyo,0,1,0.21836320071965926,Tier 3: Moderate (Surveillance)
Surulere,Oyo,0,1,0.21836320071965926,Tier 3: Moderate (Surveillance)
Kajola,Oyo,0,1,0.21492137071989453,Tier 3: Moderate (Surveillance)
Kajola,Oyo,0,1,0.21492137071989453,Tier 3: Moderate (Surveillance)
Gwaram,Jigawa,0,1,0.21412250259739887,Tier 3: Moderate (Surveillance)
Kurfi,Katsina,0,1,0.21303231016975335,Tier 3: Moderate (Surveillance)
Yewa South,Ogun,0,1,0.2123713038160736,Tier 3: Moderate (Surveillance)
Uvwie,Delta,0,1,0.21233550263251563,Tier 3: Moderate (Surveillance)
Essien Udim,Akwa Ibom,0,1,0.2116701888598467,Tier 3: Moderate (Surveillance)
Nwangele,Imo,0,1,0.21163169267839257,Tier 3: Moderate (Surveillance)
Tsafe,Zamfara,0,1,0.20890906418092875,Tier 3: Moderate (Surveillance)
Kaduna South,Kaduna,0,1,0.20802446433802746,Tier 3: Moderate (Surveillance)
Kaduna South,Kaduna,0,1,0.20802446433802746,Tier 3: Moderate (Surveillance)
Kaduna South,Kaduna,0,1,0.20802446433802746,Tier 3: Moderate (Surveillance)
Odo Otin,Osun,0,1,0.2075713565152952,Tier 3: Moderate (Surveillance)
Zangon Kataf,Kaduna,0,1,0.20697946691894042,Tier 3: Moderate (Surveillance)
Musawa,Katsina,0,1,0.2058043309158725,Tier 3: Moderate (Surveillance)
Kano Municipal,Kano,0,1,0.20571912259916159,Tier 3: Moderate (Surveillance)
Iwo,Osun,0,1,0.20513643328666517,Tier 3: Moderate (Surveillance)
Gaya,Kano,0,1,0.20440496273709435,Tier 3: Moderate (Surveillance)
Gaya,Kano,0,1,0.20440496273709435,Tier 3: Moderate (Surveillance)
Shomolu,Lagos,0,1,0.20063845841129224,Tier 3: Moderate (Surveillance)
